{"cameraMode":{"drawMode":0,"name":"Shaded","section":"Shading Mode"},"sceneLighting":true,"audioPlay":false,"sceneViewState":{"showFog":true,"showMaterialUpdate":false,"showSkybox":true,"showFlares":true,"showImageEffects":true,"showParticleSystems":true},"in2DMode":false,"pivot":{"x":-2.99658203125,"y":3.82073974609375,"z":0.201171875},"rotation":{"x":-0.1086231917142868,"y":-0.5727993845939636,"z":0.07692629843950272,"w":-0.8088173270225525},"size":17.803058624267579,"orthographic":true}